nr,id,motyw,kategoria,kierunek,sl,tp,h,tryb,gl_transakcji,gl_skutecznosc,gl_ekspektancja,gl_przewaga,gl_wynik_portfela,gl_max_otwartych,kontr_transakcji,kontr_skutecznosc,kontr_ekspektancja,kontr_przewaga,kontr_wynik_portfela,kontr_max_otwartych,gl_p,kontr_p,gl_przewaga_odkrywanie,gl_ekspektancja_odkrywanie,kontr_przewaga_odkrywanie,kontr_ekspektancja_odkrywanie,zostaje
1,ATRRISE_N14_K4__L__SL2_TP2_H35__10,A kontynuacja wzrostu (LONG),H1,L,2,2,35,10,173,51.4451,0.0915,0.3671,1.5831,15,3190,50.4389,0.0394,0.0589,12.5791,174,0.1290,0.2778,0.3484,0.5588,0.1656,0.2754,False
2,ATRRISE_N7_K3__L__SL3_TP2_H35__10,A kontynuacja wzrostu (LONG),H1,L,3,2,35,10,124,64.5161,0.2727,0.5630,3.3813,9,2581,56.3735,-0.0244,-0.0138,-6.2896,136,0.0990,0.5438,0.4310,0.6133,0.1762,0.3156,False
3,MADEV_SMA20_X2@TREND140__S__SL1_TP3_H70__10,B kontynuacja spadku (SHORT),H1,S,1,3,70,10,50,32.0000,0.1508,-0.0692,0.7540,7,521,24.7601,-0.1484,-0.1492,-7.7300,27,0.5548,0.7732,0.5565,0.4095,0.2887,0.2002,False
4,HHDD_L140_X20__L__SL3_TP2_H35__10,C kupno po spadku (LONG),H1,L,3,2,35,10,0,,,,0.0000,0,388,60.0515,0.3471,0.3577,13.4677,29,1.0000,0.2108,0.5470,0.7294,0.2939,0.4333,False
5,RISE_N7_X3__L__SL3_TP1_H14__10,A kontynuacja wzrostu (LONG),H1,L,3,1,14,10,183,63.9344,-0.2737,-0.1478,-5.0080,9,2114,70.4352,0.0008,0.0021,0.1713,57,0.7288,0.4901,0.2592,0.3713,0.1164,0.1848,False
6,DROP_N7_X5__S__SL3_TP3_H70__10,B kontynuacja spadku (SHORT),H1,S,3,3,70,10,40,52.5000,0.2583,-0.2174,1.0334,6,506,44.8617,-0.4210,-0.4220,-21.3049,27,0.5978,0.9675,0.5170,0.3069,0.4487,0.2242,False
7,DROP_N2_X4__S__SL3_TP3_H70__5,B kontynuacja spadku (SHORT),H1,S,3,3,70,5,14,50.0000,0.1186,-0.3572,0.1660,2,210,44.7619,-0.5018,-0.5028,-10.5379,14,0.6241,0.9546,0.9100,0.6998,0.5826,0.3581,False
8,MADEV_SMA140_X5__L__SL1_TP3_H70__10,C kupno po spadku (LONG),H1,L,1,3,70,10,215,35.8140,0.3090,0.4626,6.6427,13,3030,31.6832,0.1551,0.1438,46.9996,121,0.0268,0.1682,0.1099,0.2693,0.1161,0.2129,True
9,IDIO_X2_DN__S__SL2_TP2_H35__5,B kontynuacja spadku (SHORT),H7,S,2,2,35,5,50,56.0000,0.2962,0.0223,1.4810,4,719,50.2086,-0.0202,-0.0289,-1.4522,28,0.4730,0.5748,0.4917,0.2556,0.2433,0.1268,False
10,HHDD_L140_X12__L__SL1_TP3_H70__10,C kupno po spadku (LONG),H1,L,1,3,70,10,194,38.1443,0.4887,0.6423,9.4799,12,2605,31.3628,0.1520,0.1407,39.6008,112,0.0193,0.1649,0.0387,0.1981,0.1312,0.2279,True
11,BIGGREEN_X2.5__L__SL5_TP2_H35__nowy,A kontynuacja wzrostu (LONG),H1,L,5,2,35,nowy,11,63.6364,-0.4123,-0.1344,-0.4535,2,156,65.3846,-0.2219,-0.2714,-3.4609,10,0.5359,0.8827,0.6558,0.8547,0.7519,0.9297,False
12,RED_K4_X2.5__S__SL2_TP2_H35__5,B kontynuacja spadku (SHORT),H1,S,2,2,35,5,40,50.0000,0.1450,-0.1289,0.5802,6,349,43.2665,-0.3898,-0.3985,-13.6031,15,0.6104,0.9737,0.7801,0.5440,0.2291,0.1126,False
13,RISE_N5_X2.5__L__SL3_TP1_H14__5,A kontynuacja wzrostu (LONG),H1,L,3,1,14,5,185,67.0270,-0.1643,-0.0384,-3.0391,8,2050,70.8293,0.0517,0.0530,10.6087,62,0.5668,0.2337,0.2492,0.3613,0.0862,0.1545,False
14,MAUP_SMA20_X2__L__SL1_TP2_H35__10,A kontynuacja wzrostu (LONG),H1,L,1,2,35,10,293,38.9078,0.1380,0.2389,4.0448,17,4059,35.2550,0.0238,0.0244,9.6498,132,0.1395,0.3206,0.2383,0.3604,0.0456,0.1127,False
15,BIGGREEN_X1.5__L__SL5_TP2_H35__nowy,A kontynuacja wzrostu (LONG),H1,L,5,2,35,nowy,63,76.1905,0.5787,0.8566,3.6459,4,661,64.5991,-0.0077,-0.0572,-0.5060,33,0.0067,0.6565,0.5818,0.7807,0.2565,0.4343,False
16,SORU_X2.5__L__SL4_TP3_H70__1,A kontynuacja wzrostu (LONG),H1,L,4,3,70,1,33,60.6061,0.3529,0.8779,1.1645,3,398,54.2714,-0.1251,-0.1578,-4.9771,24,0.0872,0.7309,1.0772,1.3466,0.3539,0.6135,False
17,WRB_K3_DN__S__SL1_TP3_H70__1,B kontynuacja spadku (SHORT),H4,S,1,3,70,1,19,42.1053,0.4023,0.1822,0.7643,2,358,20.9497,-0.1928,-0.1936,-6.9010,19,0.3549,0.9847,0.4035,0.2566,0.2910,0.2026,False
18,GAPUP_X2__S__SL4_TP1_H14__1,D zwrot trendu,H1,S,4,1,14,1,24,95.8333,0.8248,0.7136,1.9795,2,191,78.0105,0.0223,0.0568,0.4257,9,0.0005,0.3544,0.5371,0.3476,0.2762,0.1848,False
19,MAUP_SMA140_X5__L__SL3_TP2_H35__10,A kontynuacja wzrostu (LONG),H1,L,3,2,35,10,238,47.8992,-0.4568,-0.1665,-10.8716,25,3555,58.8186,0.0906,0.1012,32.2233,137,0.6164,0.2089,0.1753,0.3577,0.0698,0.2092,False
20,MKT_DN__L__SL4_TP2_H35__5,C kupno po spadku (LONG),H7,L,4,2,35,5,61,63.9344,0.3071,0.6012,1.8733,6,588,68.3673,0.4485,0.4273,26.3694,53,0.0895,0.0449,0.1937,0.3593,0.3385,0.4960,True
21,PXMA_SMA50_UP__L__SL3_TP3_H70__nowy,D zwrot trendu,H2,L,3,3,70,nowy,85,41.1765,-0.5360,-0.0603,-4.5561,7,1244,46.1415,-0.1531,-0.1508,-19.0496,74,0.5552,0.7831,0.3378,0.5402,0.2190,0.4409,False
22,LLRU_L140_X20__L__SL5_TP3_H70__10,A kontynuacja wzrostu (LONG),H1,L,5,3,70,10,63,42.8571,-1.5221,-0.9952,-9.5894,10,1283,63.8348,0.4572,0.3763,58.6623,62,0.7315,0.1221,0.1074,0.4778,0.2678,0.5693,False
23,REVDN_U3__L__SL5_TP1_H14__nowy,C kupno po spadku (LONG),H1,L,5,1,14,nowy,14,57.1429,-1.0944,-0.9620,-1.5322,2,179,75.4190,0.0914,0.0744,1.6365,11,0.8929,0.3484,0.1760,0.2933,0.4023,0.4775,False
24,SORU_X1.5__L__SL3_TP2_H35__1,A kontynuacja wzrostu (LONG),H1,L,3,2,35,1,76,59.2105,-0.0071,0.2832,-0.0539,3,1014,58.1854,0.0772,0.0878,7.8232,32,0.1327,0.2089,0.3354,0.5177,0.1310,0.2704,False
25,LLRU_L35_X5__L__SL3_TP3_H70__nowy,A kontynuacja wzrostu (LONG),H1,L,3,3,70,nowy,81,48.1481,-0.2108,0.2650,-1.7073,6,732,46.9945,-0.1615,-0.1592,-11.8227,44,0.3129,0.7611,0.3874,0.5899,0.2071,0.4290,False
26,GAPGREEN_X1__L__SL5_TP3_H70__5,A kontynuacja wzrostu (LONG),H1,L,5,3,70,5,36,44.4444,-1.3919,-0.8649,-5.0107,4,260,62.6923,0.2917,0.2107,7.5837,18,0.9018,0.2594,0.8011,1.1715,0.3372,0.6387,False
27,MAX_EMA14_35_UP__L__SL3_TP3_H70__1,D zwrot trendu,H2,L,3,3,70,1,28,46.4286,-0.3519,0.1239,-0.9852,3,427,47.3068,-0.1109,-0.1086,-4.7340,27,0.4211,0.6754,0.6779,0.8804,0.2451,0.4670,False
28,VWAP_DEV2_BELOW__S__SL3_TP3_H70__1,B kontynuacja spadku (SHORT),H2,S,3,3,70,1,15,80.0000,1.6864,1.2106,2.5296,2,112,39.2857,-0.9012,-0.9021,-10.0930,9,0.0657,0.9999,0.8094,0.5992,0.6261,0.4016,False
29,MACD_ZERO_UP__L__SL3_TP3_H70__5,D zwrot trendu,H2,L,3,3,70,5,43,39.5349,-0.6402,-0.1644,-2.7527,4,660,47.2727,-0.0801,-0.0779,-5.2897,43,0.6636,0.6619,0.7757,0.9781,0.1610,0.3829,False
30,OBVD_UP__S__SL1_TP3_H70__1,B kontynuacja spadku (SHORT),H8,S,1,3,70,1,9,11.1111,-0.5826,-0.8027,-0.5244,3,246,27.6423,-0.0343,-0.0351,-0.8441,14,0.9397,0.5856,0.2979,0.1509,0.2138,0.1254,False
31,MASLOPE_SMA35_UP__L__SL3_TP3_H70__5,D zwrot trendu,H2,L,3,3,70,5,38,44.7368,-0.3331,0.1427,-1.2656,4,573,46.4223,-0.1453,-0.1430,-8.3264,34,0.4067,0.7534,0.4282,0.6307,0.2150,0.4369,False
32,PULLMA_EMA20_DN__L__SL4_TP3_H70__5,C kupno po spadku (LONG),H2,L,4,3,70,5,55,36.3636,-1.2693,-0.7443,-6.9814,7,673,53.6404,-0.0993,-0.1320,-6.6796,57,0.8616,0.6774,1.2947,1.5641,0.1635,0.4231,False
33,DDAYS_K3__L__SL4_TP3_H70__1,C kupno po spadku (LONG),H1,L,4,3,70,1,21,38.0952,-1.1541,-0.6291,-2.4237,3,356,56.7416,0.2188,0.1860,7.7882,32,0.7419,0.2434,0.2328,0.5021,0.3811,0.6407,False
34,SODD_X4__S__SL3_TP3_H70__nowy,B kontynuacja spadku (SHORT),H1,S,3,3,70,nowy,16,62.5000,0.7211,0.2454,1.1538,2,144,40.9722,-0.6531,-0.6541,-9.4046,11,0.3834,0.9940,0.8886,0.6785,0.3393,0.1148,False
35,RSX_UP__L__SL3_TP2_H35__10,A kontynuacja wzrostu (LONG),H7,L,3,2,35,10,76,44.7368,-0.6432,-0.3529,-4.8880,5,1572,56.0433,-0.0447,-0.0341,-7.0221,101,0.8452,0.6267,0.2354,0.4177,0.0860,0.2253,False
36,IDIO_X3_UP__L__SL4_TP1_H14__5,A kontynuacja wzrostu (LONG),H7,L,4,1,14,5,15,80.0000,0.1395,0.2911,0.2093,2,354,72.5989,0.0237,0.0124,0.8374,11,0.2385,0.4479,0.4316,0.5458,0.1542,0.2254,False
37,VWAP_DEV2_ABOVE__L__SL1_TP3_H70__1,A kontynuacja wzrostu (LONG),H2,L,1,3,70,1,10,30.0000,0.2251,0.3787,0.2251,1,79,30.3797,0.2181,0.2067,1.7227,7,0.3095,0.1256,0.0308,0.1901,0.4123,0.5091,True
38,VWMA35_X_UP__L__SL4_TP3_H70__10,D zwrot trendu,H2,L,4,3,70,10,101,45.5446,-0.6307,-0.1057,-6.3703,13,1384,52.6734,-0.0524,-0.0852,-7.2580,104,0.5789,0.6460,0.0868,0.3561,0.1550,0.4146,False
39,MACD_SIGB0_UP__L__SL3_TP3_H70__1,D zwrot trendu,H2,L,3,3,70,1,49,46.9388,-0.1787,0.2971,-0.8754,3,623,48.9567,0.0400,0.0423,2.4920,40,0.2678,0.4201,0.5021,0.7046,0.1169,0.3388,False
40,NR14B_UP__L__SL1_TP3_H70__1,A kontynuacja wzrostu (LONG),H4,L,1,3,70,1,51,15.6863,-0.4490,-0.2954,-2.2898,3,850,24.9412,-0.0497,-0.0610,-4.2205,30,0.9218,0.7379,0.1944,0.3537,0.0561,0.1529,False
41,WRB_K3_UP__L__SL4_TP3_H70__1,A kontynuacja wzrostu (LONG),H4,L,4,3,70,1,10,60.0000,0.3962,0.9212,0.3962,2,240,57.0833,0.1941,0.1614,4.6593,24,0.2018,0.2740,1.2444,1.5137,0.1451,0.4047,True
42,RIBBON_DN__L__SL2_TP3_H70__5,C kupno po spadku (LONG),H2,L,2,3,70,5,37,37.8378,-0.2411,0.1178,-0.8921,3,446,39.9103,-0.0267,-0.0110,-1.1905,28,0.4145,0.5201,0.3622,0.6441,0.0876,0.2515,False
43,MASLOPE_SMA35_DN__L__SL3_TP3_H70__5,C kupno po spadku (LONG),H2,L,3,3,70,5,40,32.5000,-1.0521,-0.5764,-4.2085,4,544,50.5515,0.0343,0.0366,1.8669,46,0.9244,0.4135,0.4240,0.6265,0.0836,0.3055,False
44,PXMA_SMA20_DN__L__SL3_TP3_H70__nowy,C kupno po spadku (LONG),H2,L,3,3,70,nowy,141,42.5532,-0.3949,0.0808,-5.5686,10,2099,48.5946,-0.0576,-0.0553,-12.0864,136,0.4155,0.6182,0.0686,0.2711,0.0452,0.2671,False
45,ATRRISE_N14_K6__L__SL1_TP1_H14__10,A kontynuacja wzrostu (LONG),H1,L,1,1,14,10,36,47.2222,-0.0282,0.0577,-0.1016,8,749,51.4019,0.0547,0.0697,4.0951,44,0.4324,0.2270,0.2529,0.2966,0.1057,0.1352,False
46,MADEV_SMA7_X3__S__SL3_TP3_H70__5,B kontynuacja spadku (SHORT),H1,S,3,3,70,5,33,51.5152,0.1904,-0.2854,0.6282,4,372,43.8172,-0.4666,-0.4676,-17.3585,20,0.6559,0.9647,0.5036,0.2934,0.4128,0.1883,False
47,DROP_N3_X5__S__SL3_TP3_H70__5,B kontynuacja spadku (SHORT),H1,S,3,3,70,5,8,62.5000,1.1758,0.7001,0.9406,2,171,47.3684,-0.2664,-0.2673,-4.5549,15,0.3086,0.7571,0.5443,0.3341,0.6288,0.4043,False
48,RISE_N3_X3__L__SL3_TP3_H70__nowy,A kontynuacja wzrostu (LONG),H1,L,3,3,70,nowy,32,43.7500,-0.4036,0.0721,-1.2916,3,373,48.2574,-0.0123,-0.0100,-0.4575,22,0.4614,0.5185,0.5086,0.7110,0.4219,0.6438,False
49,MAUP_SMA7_X1.5__L__SL4_TP3_H70__nowy,A kontynuacja wzrostu (LONG),H1,L,4,3,70,nowy,77,49.3506,-0.5114,0.0136,-3.9378,4,825,55.2727,-0.0216,-0.0543,-1.7793,41,0.4889,0.6132,0.5162,0.7856,0.1806,0.4402,False
50,HHDD_L35_X12__L__SL3_TP3_H70__5,C kupno po spadku (LONG),H1,L,3,3,70,5,6,100.0000,3.8759,4.3517,2.3256,5,321,51.0903,0.4725,0.4748,15.1679,15,0.0000,0.0870,0.0341,0.2365,0.2913,0.5132,True
